product_id,rating,rating_group,review_character_count,review_word_count
B07JW9H4J1,4.2,4-5,483,82
B098NS6PVG,4.0,3-4,1186,215
B096MSW6CT,3.9,3-4,271,46
B08HDJ86NZ,4.2,4-5,443,86
B08CF3B7N1,4.2,4-5,2451,445
B08Y1TFSP6,3.9,3-4,250,43
B08WRWPM22,4.1,4-5,594,150
B08DDRGWTJ,4.3,4-5,758,142
B008IFXQFU,4.2,4-5,3989,696
B082LZGK39,4.0,3-4,1186,215
B08CF3D7QR,4.3,4-5,876,173
B0789LZTCJ,4.2,4-5,443,86
B07KSMBL2H,4.4,4-5,901,175
B085DTN6R2,4.2,4-5,766,139
B09KLVMZ3B,4.1,4-5,694,128
B083342NKJ,4.4,4-5,439,77
B082LSVT4B,4.0,3-4,1186,215
B08WRBG3XW,4.1,4-5,839,153
B09C6HXFC1,4.5,4-5,600,108
B085194JFL,3.7,3-4,839,155
B09NHVCHS9,4.0,3-4,505,98
B01M4GGIVU,4.2,4-5,1181,228
B094JNXNPV,4.0,3-4,943,182
B09W5XR9RT,4.4,4-5,555,110
B077Z65HSD,4.3,4-5,836,151
B00NH11PEY,4.5,4-5,1254,227
B09CMM3VGK,4.0,3-4,1092,209
B08QSC1XY8,4.3,4-5,546,100
B008FWZGSG,4.3,4-5,555,102
B0B4HJNPV4,3.9,3-4,468,85
B08Y1SJVV5,3.9,3-4,274,47
B07XLCFSSN,4.4,4-5,1086,192
B09RZS1NQT,4.0,3-4,915,170
B09C6HWG18,4.2,4-5,1066,190
B00NH11KIK,4.5,4-5,569,105
B07JW1Y6XV,4.2,4-5,483,82
B07KRCW6LZ,4.3,4-5,964,177
B09NJN8L25,4.0,3-4,505,98
B07XJYYH7L,3.3,3-4,533,93
B002PD61Y4,4.1,4-5,483,98
B014I8SSD0,4.4,4-5,901,175
B09L8DSSFH,3.6,3-4,936,164
B07232M876,4.2,4-5,8642,1422
B07P681N66,4.4,4-5,3226,619
B0711PVX6Z,4.2,4-5,8642,1422
B082T6V3DT,4.3,4-5,1141,223
B0BFWGBX61,4.1,4-5,613,109
B01N90RZ4M,3.7,3-4,336,58
B0088TKTY2,4.2,4-5,3989,696
B0B4DT8MKT,4.2,4-5,624,116
B08CDKQ8T6,4.3,4-5,513,92
B07B275VN9,3.7,3-4,457,84
B0994GFWBH,4.0,3-4,1326,251
B01GGKZ0V6,4.2,4-5,639,121
B014I8SX4Y,4.4,4-5,901,175
B09Q8HMKZX,4.1,4-5,1046,181
B07966M8XH,4.2,4-5,464,82
B01GGKYKQM,4.3,4-5,668,122
B0B86CDHL1,4.5,4-5,1508,274
B0B5ZF3NRK,4.1,4-5,481,92
B08R69VDHT,4.0,3-4,770,144
B09RWZRCP1,4.1,4-5,2466,474
B09CMP1SC8,4.1,4-5,1385,253
B09YLXYP7Y,4.0,3-4,317,57
B0B2DJDCPX,3.9,3-4,325,56
B0BCZCQTJX,4.0,3-4,984,189
B07LGT55SJ,4.2,4-5,483,82
B09NKZXMWJ,4.0,3-4,529,102
B0974H97TJ,4.4,4-5,549,103
B07GVGTSLN,4.2,4-5,905,164
B0BMXMLSMM,4.5,4-5,914,166
B07JH1C41D,4.2,4-5,459,78
B0141EZMAI,3.6,3-4,502,89
B08HDH26JX,4.2,4-5,443,86
B09VT6JKRP,4.1,4-5,492,91
B093QCY6YJ,3.7,3-4,426,77
B093ZNQZ2Y,3.8,3-4,706,125
B08LKS3LSP,3.7,3-4,509,97
B00V4BGDKU,4.5,4-5,1995,376
B08CHKQ8D4,4.1,4-5,538,101
B09BW334ML,4.3,4-5,313,54
B082T6GVLJ,4.3,4-5,461,87
B07DL1KC3H,4.0,3-4,943,192
B07JNVF678,4.2,4-5,916,172
B09QGZFBPM,4.3,4-5,699,125
B07JGDB5M1,4.2,4-5,483,82
B0981XSZJ7,4.3,4-5,925,165
B08Y5KXR6Z,3.9,3-4,274,47
B0974G5Q2Y,4.3,4-5,836,151
B09RX1FK54,4.1,4-5,2466,474
B09TT6BFDX,4.5,4-5,238,43
B09KH58JZR,4.1,4-5,1229,228
B09DDCQFMT,3.6,3-4,557,96
B08RP2L2NL,3.5,3-4,688,122
B0B4G2MWSB,4.0,3-4,1326,251
B0B21C4BMX,3.8,3-4,668,117
B084MZXJNK,4.4,4-5,545,96
B0BHZCNC4P,3.7,3-4,409,71
B015OW3M1W,4.1,4-5,1051,199
B01D5H8ZI8,4.3,4-5,1632,307
B09MM6P76N,4.2,4-5,1411,259
B01D5H8LDM,4.4,4-5,520,97
B09QGZM8QB,4.3,4-5,699,125
B08L4SBJRY,4.0,3-4,1089,207
B09X79PP8F,3.9,3-4,475,87
B082T6GVG9,4.2,4-5,280,53
B0B4HKH19N,3.9,3-4,468,85
B08TGG316Z,4.6,4-5,359,68
B071VMP1Z4,3.9,3-4,660,115
B071SDRGWL,4.3,4-5,836,151
B08PSQRW2T,4.1,4-5,1059,196
B0859M539M,4.4,4-5,3226,619
B08RX8G496,3.2,3-4,1136,204
B002SZEOLG,4.2,4-5,3989,696
B00RFWNJMC,3.7,3-4,289,55
B082T6GXS5,4.5,4-5,802,147
B09CMQRQM6,4.2,4-5,1294,244
B005LJQMCK,4.2,4-5,702,127
B09C6H53KH,4.2,4-5,1118,208
B08QSDKFGQ,4.3,4-5,546,100
B07YTNKVJQ,4.3,4-5,758,142
B0117H7GZ6,3.4,3-4,3909,692
B09XJ1LM7R,4.3,4-5,67,13
B084N133Y7,4.4,4-5,545,96
B07VSG5SXZ,4.1,4-5,575,104
B08RWCZ6SY,3.9,3-4,373,64
B07KSB1MLX,4.0,3-4,1446,251
B081FG1QYX,4.3,4-5,2863,528
B08R69WBN7,4.0,3-4,770,144
B0B3RHX6B6,3.9,3-4,274,52
B084N18QZY,4.5,4-5,1178,213
B081NHWT6Z,3.9,3-4,667,117
B07JPJJZ2H,4.2,4-5,916,172
B09JKNF147,4.0,3-4,406,70
B09PNR6F8Q,4.0,3-4,474,89
B07M69276N,4.4,4-5,1465,296
B09YLYB9PB,4.0,3-4,317,57
B08CTNJ985,4.3,4-5,1208,227
B0BP7XLX48,5.0,4-5,208,36
B09LHXNZLR,3.7,3-4,561,97
B0B3N8VG24,4.0,3-4,529,102
B08PSVBB2X,4.1,4-5,1059,196
B0B3MQXNFB,4.0,3-4,505,98
B08XMSKKMM,3.3,3-4,1090,199
B09L8DT7D6,3.8,3-4,333,61
B00GE55L22,4.1,4-5,492,97
B0162K34H2,4.1,4-5,765,146
B0B8SRZ5SV,4.4,4-5,1086,192
B07CWNJLPC,4.3,4-5,753,145
B00NH12R1O,4.3,4-5,414,74
B0B8SSC5D9,4.4,4-5,1086,192
B08WKG2MWT,4.3,4-5,699,125
B005LJQMZC,4.2,4-5,702,127
B07DC4RZPY,4.1,4-5,320,57
B08GJNM9N7,3.7,3-4,288,54
B09C6FML9B,4.1,4-5,629,110
B0B65MJ45G,3.9,3-4,440,81
B08P9RYPLR,4.0,3-4,505,98
B084MZXJN6,4.4,4-5,771,135
B08XMG618K,4.1,4-5,265,48
B0BCKWZ884,4.3,4-5,574,96
B00GGGOYEK,3.8,3-4,364,65
B07ZR4S1G4,4.4,4-5,723,127
B09C635BMM,4.0,3-4,1131,210
B00GG59HU2,4.4,4-5,199,35
B00RGLI0ZS,4.0,3-4,1261,243
B07HZ2QCGR,3.9,3-4,6876,1231
B095244Q22,3.7,3-4,710,129
B08CKW1KH9,3.6,3-4,554,101
B08RHPDNVV,3.5,3-4,740,142
B00NH13Q8W,4.5,4-5,1254,227
B0B8SSZ76F,4.2,4-5,1568,291
B0841KQR1Z,3.8,3-4,387,85
B08PPHFXG3,4.3,4-5,377,71
B06XR9PR5X,4.4,4-5,409,76
B09JSW16QD,3.9,3-4,681,128
B07JH1CBGW,4.2,4-5,459,78
B09127FZCK,3.8,3-4,578,107
B083GQGT3Z,4.1,4-5,1305,242
B09Q8WQ5QJ,4.1,4-5,2373,436
B07YZG8PPY,4.3,4-5,1536,273
B09H39KTTB,3.7,3-4,443,79
B08DCVRW98,4.0,3-4,628,114
B0718ZN31Q,4.2,4-5,364,67
B0162LYSFS,4.1,4-5,174,30
B07PFJ5VQD,4.3,4-5,572,101
B01J8S6X2I,4.4,4-5,1726,314
B07V5YF4ND,3.5,3-4,289,53
B0B65P827P,3.9,3-4,440,81
B084MZYBTV,4.5,4-5,725,140
B097ZQTDVZ,3.4,3-4,1089,202
B0B5F3YZY4,4.0,3-4,1643,286
B09G5TSGXV,4.0,3-4,660,126
B006LW0WDQ,4.4,4-5,2071,378
B09YLX91QR,4.0,3-4,317,57
B081FJWN52,4.3,4-5,2863,528
B0758F7KK7,4.0,3-4,928,183
B09L835C3V,4.2,4-5,546,97
B098TV3L96,3.8,3-4,555,105
B08NCKT9FG,4.4,4-5,549,103
B0B4T6MR8N,3.9,3-4,468,85
B01GGKZ4NU,4.2,4-5,639,121
B09BW2GP18,3.9,3-4,571,105
B09B125CFJ,3.6,3-4,892,166
B09RQRZW2X,3.7,3-4,474,85
B07924P3C5,4.2,4-5,947,184
B08N1WL9XW,4.0,3-4,529,102
B07VVXJ2P5,3.6,3-4,462,79
B06XFTHCNY,4.2,4-5,697,125
B08CT62BM1,4.3,4-5,1208,227
B07CRL2GY6,4.2,4-5,443,86
B07DWFX9YS,4.2,4-5,869,158
B01D5H90L4,4.4,4-5,1423,258
B07F1P8KNV,4.2,4-5,905,164
B084N1BM9L,4.4,4-5,771,135
B09F6D21BY,3.0,2-3,523,92
B0B61HYR92,4.2,4-5,276,48
B075ZTJ9XR,4.4,4-5,492,84
B0978V2CP6,4.0,3-4,3365,603
B09LRZYBH1,3.8,3-4,572,101
B098LCVYPW,4.2,4-5,541,97
B09HV71RL1,4.1,4-5,538,101
B075TJHWVC,4.2,4-5,525,97
B09LV13JFB,3.3,3-4,381,68
B09VH568H7,3.8,3-4,295,51
B08TZD7FQN,3.7,3-4,657,111
B09PTT8DZF,3.9,3-4,359,57
B0B94JPY2N,3.0,2-3,446,82
B08RZ12GKR,3.5,3-4,458,87
B0B4T8RSJ1,3.9,3-4,492,89
B08XXVXP3J,4.3,4-5,437,80
B07CWDX49D,4.3,4-5,753,145
B09TY4MSH3,3.3,3-4,1304,245
B07RY2X9MP,4.5,4-5,566,104
B0BBMGLQDW,4.2,4-5,212,36
B01LONQBDG,4.1,4-5,1742,320
B09HK9JH4F,4.2,4-5,546,97
B09MMD1FDN,3.9,3-4,682,123
B09HN7LD5L,4.0,3-4,583,111
B0941392C8,3.7,3-4,493,99
B01M5967SY,4.2,4-5,1181,228
B016MDK4F4,4.2,4-5,166,28
B08G43CCLC,4.2,4-5,431,71
B0B61GCHC1,4.3,4-5,432,78
B07RX14W1Q,4.4,4-5,581,111
B0B8ZKWGKD,4.3,4-5,395,79
B08H5L8V1L,4.3,4-5,845,152
B09HCH3JZG,4.4,4-5,1464,289
B097JVLW3L,3.5,3-4,1147,205
B09SB6SJB4,4.1,4-5,710,124
B08NW8GHCJ,4.3,4-5,526,100
B09YHLPQYT,4.2,4-5,844,151
B08G1RW2Q3,4.0,3-4,638,129
B08YXJJW8H,3.9,3-4,709,131
B09P8M18QM,3.3,3-4,486,84
B08BG4M4N7,3.8,3-4,417,77
B07VJ9ZTXS,4.0,3-4,1512,269
B00GGGOYEU,3.9,3-4,591,106
B0BQRJ3C47,5.0,4-5,86,12
B08V9C4B1J,4.3,4-5,526,100
B08PKBMJKS,3.8,3-4,852,190
B0B8VQ7KDS,4.3,4-5,303,51
B086JTMRYL,4.4,4-5,352,68
B00OFM6PEO,4.3,4-5,192,35
B0BF57RN3K,4.2,4-5,2959,538
B0B3RRWSF6,4.3,4-5,4327,788
B0B5B6PQCT,3.8,3-4,2780,508
B08HV83HL3,4.3,4-5,1610,302
B0BDRVFDKP,4.4,4-5,335,65
B0B5LVS732,4.1,4-5,1578,283
B09V2Q4QVQ,4.0,3-4,1019,181
B09V12K8NT,3.9,3-4,443,80
B01DEWVZ2C,4.1,4-5,1076,193
B08D77XZX5,3.9,3-4,938,177
B07WG8PDCW,4.0,3-4,441,80
B07GPXXNNG,4.1,4-5,801,144
B0BDYVC5TD,4.4,4-5,335,65
B08MC57J31,4.3,4-5,1121,212
B08HVL8QN3,4.3,4-5,1610,302
B0746JGVDS,3.9,3-4,1259,239
B08VFF6JQ8,4.4,4-5,1121,200
B09NVPSCQT,4.0,3-4,655,111
B09YV4RG4D,4.2,4-5,1258,232
B08L5HMJVW,4.4,4-5,335,65
B0BF54972T,4.2,4-5,2959,538
B09YV4MW2T,4.2,4-5,1846,327
B0BF563HB4,4.2,4-5,2959,538
B0BF4YBLPX,4.2,4-5,2959,538
B07PFJ5W31,4.3,4-5,548,97
B0B3N7LR6K,4.3,4-5,5245,946
B09ZQK9X8G,4.1,4-5,840,171
B0BF54LXW6,4.2,4-5,2959,538
B09FFK1PQG,4.4,4-5,555,98
B08ZN4B121,3.8,3-4,1754,338
B0B3RSDSZ3,4.3,4-5,4327,788
B08VF8V79P,4.4,4-5,1130,200
B08G28Z33M,4.0,3-4,557,93
B09PNKXSKF,4.0,3-4,655,111
B0B5DDJNH4,3.8,3-4,2780,508
B09MQSCJQ1,4.2,4-5,800,150
B094YFFSMY,4.0,3-4,936,172
B09MT84WV5,4.3,4-5,1090,213
B08VS3YLRK,4.1,4-5,391,74
B07GQD4K6L,4.1,4-5,801,144
B0BP18W8TM,4.4,4-5,1755,306
B07GXHC691,4.3,4-5,1230,232
B085HY1DGR,4.0,3-4,578,117
B08D75R3Z1,3.6,3-4,3446,649
B09ZPL5VYM,4.1,4-5,363,57
B0993BB11X,4.0,3-4,1121,215
B09V2PZDX8,4.0,3-4,1019,181
B085W8CFLH,3.5,3-4,873,161
B09MT6XSFW,4.3,4-5,1090,213
B07RD611Z8,4.1,4-5,7210,1300
B096VF5YYF,4.1,4-5,11925,2110
B0B5D39BCD,3.8,3-4,2780,508
B09XBJ1CTN,4.2,4-5,1077,197
B08MTCKDYN,4.1,4-5,500,91
B089WB69Y1,4.0,3-4,851,157
B0116MIKKC,4.5,4-5,464,83
B09P858DK8,4.0,3-4,858,155
B07DJLFMPS,4.0,3-4,281,47
B07S9S86BF,4.1,4-5,926,172
B07N8RQ6W7,4.1,4-5,317,57
B08HVJCW95,4.3,4-5,1610,302
B09YDFDVNS,4.0,3-4,1019,181
B09MZCQYHZ,4.0,3-4,1121,215
B095RTJH1M,4.6,4-5,2182,407
B097R25DP7,4.0,3-4,668,119
B09YDFKJF8,4.0,3-4,1019,181
B08RZ5K9YH,4.3,4-5,380,69
B09JS562TP,4.0,3-4,481,80
B09V17S2BG,3.9,3-4,443,80
B0B5CGTBKV,3.8,3-4,2780,508
B0B23LW7NV,4.7,4-5,1649,306
B09KGV7WSV,4.3,4-5,1804,332
B0971DWFDT,4.2,4-5,1116,210
B0BNV7JM5Y,4.1,4-5,1432,256
B0B53QFZPY,3.3,3-4,375,68
B01F25X6RQ,4.2,4-5,661,120
B0B244R4KB,4.6,4-5,2038,388
B092JHPL72,3.7,3-4,818,148
B0B3MWYCHQ,4.2,4-5,1847,339
B09J2MM5C6,4.2,4-5,902,166
B07Q4QV1DL,4.5,4-5,447,79
B01DF26V7A,4.1,4-5,1076,193
B08K4PSZ3V,3.8,3-4,1015,197
B08K4RDQ71,3.8,3-4,1015,197
B085CZ3SR1,4.2,4-5,548,99
B09YV3K34W,4.2,4-5,1846,327
B09Z6WH2N1,4.2,4-5,908,168
B09NL4DJ2Z,4.0,3-4,505,98
B0BGSV43WY,3.5,3-4,702,119
B0926V9CTV,4.3,4-5,770,148
B09PLFJ7ZW,3.9,3-4,823,162
B0B53NXFFR,3.3,3-4,375,68
B07GNC2592,4.0,3-4,1130,209
B09TP5KBN7,4.0,3-4,420,73
B0949SBKMP,4.0,3-4,1124,216
B09V175NP7,3.9,3-4,443,80
B0B6BLTGTT,4.1,4-5,1429,261
B084DTMYWK,4.2,4-5,711,132
B0B53QLB9H,3.3,3-4,375,68
B0BDYW3RN3,4.4,4-5,335,65
B0B3RS9DNF,4.3,4-5,4327,788
B08HV25BBQ,4.0,3-4,190,36
B0BMVWKZ8G,4.3,4-5,426,74
B0B5GF6DQD,3.7,3-4,269,49
B09JS94MBV,4.0,3-4,481,80
B09YV463SW,4.2,4-5,1258,232
B09NL4DCXK,3.9,3-4,452,84
B0B8CHJLWJ,4.5,4-5,1208,222
B0B8ZWNR5T,4.2,4-5,908,168
B01F262EUU,4.2,4-5,661,120
B09VZBGL1N,4.1,4-5,285,45
B0BNVBJW2S,4.1,4-5,1432,256
B0B2DJ5RVQ,4.3,4-5,707,131
B096TWZRJC,4.1,4-5,1863,342
B09GP6FBZT,4.3,4-5,1941,348
B0B3DV7S9B,3.6,3-4,213,41
B08JW1GVS7,4.0,3-4,2889,541
B08H21B6V7,3.9,3-4,898,156
B09BNXQ6BR,4.1,4-5,1609,314
B01FSYQ2A4,4.1,4-5,9643,1582
B08L5FM4JC,4.4,4-5,335,65
B0B54Y2SNX,3.8,3-4,473,80
B08BQ947H3,4.3,4-5,7414,1352
B0B7DHSKS7,3.5,3-4,3508,626
B09SJ1FTYV,4.0,3-4,461,78
B0BBVKRP7B,2.8,2-3,522,129
B0BMM7R92G,4.5,4-5,402,74
B08M66K48D,4.3,4-5,1191,213
B09RFB2SJQ,4.1,4-5,477,95
B0B82YGCF6,3.0,2-3,626,112
B08HF4W2CT,4.0,3-4,420,76
B08BCKN299,3.9,3-4,1579,293
B0B2X35B1K,4.1,4-5,1002,184
B0B1NX6JTN,4.3,4-5,987,176
B078G6ZF5Z,4.0,3-4,851,157
B0BBW521YC,4.4,4-5,750,134
B09YV42QHZ,4.2,4-5,1258,232
B09BF8JBWX,3.8,3-4,211,39
B0B5YBGCKD,4.3,4-5,1927,369
B09MY4W73Q,4.3,4-5,948,166
B09T37CKQ5,3.9,3-4,452,84
B0B298D54H,3.7,3-4,1091,197
B0B9BXKBC7,4.6,4-5,1074,198
B09NVPJ3P4,4.0,3-4,658,111
B0B3NDPCS9,4.3,4-5,5245,946
B09VGKFM7Y,4.4,4-5,124,22
B07QCWY5XV,4.1,4-5,1138,208
B098QXR9X2,4.1,4-5,1396,263
B07H1S7XW8,4.1,4-5,661,131
B0BNXFDTZ2,4.4,4-5,2436,459
B088ZFJY82,4.5,4-5,447,79
B09BCNQ9R2,4.2,4-5,507,93
B0B9BD2YL4,4.5,4-5,1741,315
B071Z8M4KX,4.1,4-5,801,144
B09N3ZNHTY,3.9,3-4,5430,1032
B005FYNT3G,4.3,4-5,195,37
B01J0XWYKQ,4.4,4-5,4799,899
B09CTRPSJR,3.8,3-4,863,164
B08JQN8DGZ,3.8,3-4,2936,550
B0B72BSW7K,3.5,3-4,1271,234
B08TV2P1N8,4.1,4-5,3545,633
B07XCM6T4N,4.3,4-5,448,83
B07T5DKR5D,3.5,3-4,1016,196
B07PR1CL3S,4.1,4-5,975,179
B07JQKQ91F,3.9,3-4,2077,389
B08W56G1K9,4.1,4-5,725,138
B01L8ZNWN2,4.2,4-5,4894,923
B009VCGPSY,4.3,4-5,680,134
B0B296NTFV,4.1,4-5,1208,216
B07TCN5VR9,3.9,3-4,2622,485
B00ZYLMQH0,4.3,4-5,645,119
B01HJI0FS2,4.5,4-5,916,183
B076B8G5D8,4.0,3-4,6649,1191
B014SZO90Y,4.5,4-5,331,60
B07KCMR8D6,4.3,4-5,312,58
B00N1U9AJS,3.9,3-4,308,58
B07KY3FNQP,4.1,4-5,5668,1065
B07QZ3CZ48,4.2,4-5,592,107
B09T3H12GV,4.2,4-5,1318,235
B08ZJDWTJ1,4.5,4-5,188,36
B08FTFXNNB,3.7,3-4,967,181
B08YDFX7Y1,3.5,3-4,838,158
B087FXHB6J,3.5,3-4,1139,199
B07N42JB4S,4.3,4-5,954,161
B0B31BYXQQ,3.9,3-4,642,120
B07SLMR1K6,4.3,4-5,1173,209
B092X94QNQ,4.1,4-5,8145,1489
B0846D5CBP,4.5,4-5,482,88
B00KXULGJQ,4.2,4-5,1439,259
B08H9Z3XQW,4.1,4-5,926,172
B08LPJZSSW,3.9,3-4,1751,321
B08CYPB15D,4.0,3-4,384,66
B00MFPCY5C,3.5,3-4,595,119
B07JJFSG2B,4.3,4-5,529,129
B09NR6G588,3.8,3-4,1727,311
B07JPX9CR7,4.4,4-5,872,159
B08D11DZ2W,3.7,3-4,5992,1075
B07Q7561HD,4.4,4-5,215,38
B0819HZPXL,4.4,4-5,1276,233
B00LXTFMRS,4.4,4-5,896,168
B0B9LDCX89,4.2,4-5,700,132
B0765B3TH7,4.5,4-5,438,81
B0B1F6GQPS,3.8,3-4,998,166
B07LG59NPV,3.8,3-4,14699,2552
B00AXHBBXU,4.4,4-5,252,49
B08MCD9JFY,3.8,3-4,571,114
B083RCTXLL,4.2,4-5,920,172
B08HLZ28QC,4.1,4-5,3719,672
B07GVR9TG7,4.4,4-5,2092,384
B0856HY85J,4.1,4-5,2976,545
B07CD2BN46,4.1,4-5,7149,1189
B07PLHTTB4,3.5,3-4,298,52
B077T3BG5L,3.6,3-4,855,154
B079Y6JZC8,3.8,3-4,610,110
B0856HNMR7,4.0,3-4,555,99
B0B12K5BPM,3.9,3-4,996,173
B00LVMTA2A,4.4,4-5,261,41
B07TR5HSR9,4.3,4-5,1405,268
B0819ZZK5K,4.3,4-5,3275,601
B08QJJCY2Q,4.4,4-5,739,136
B07L5L4GTB,4.4,4-5,990,186
B07L8KNP5F,3.8,3-4,3866,728
B08CF4SCNP,3.8,3-4,314,62
B09XX51X2G,4.0,3-4,704,132
B01M72LILF,4.4,4-5,1111,215
B00LZLQ624,4.5,4-5,2112,380
B09GB5B4BK,4.0,3-4,830,154
B015ZXUDD0,4.3,4-5,1420,253
B09PL79D2X,3.8,3-4,3623,660
B098K3H92Z,4.3,4-5,11090,1997
B084PJSSQ1,4.3,4-5,1572,323
B097C564GC,4.3,4-5,430,76
B08CYNJ5KY,4.2,4-5,404,72
B00Y4ORQ46,4.0,3-4,3154,576
B074CWD7MS,4.4,4-5,1831,334
B00A0VCJPI,4.2,4-5,1197,225
B00UGZWM2I,4.1,4-5,740,146
B00R1P3B4O,4.5,4-5,400,73
B09Y5MP7C4,3.9,3-4,1778,335
B01DJJVFPC,4.5,4-5,549,105
B07DFYJRQV,4.1,4-5,655,116
B08TDJNM3G,3.8,3-4,367,73
B06XSK3XL6,4.3,4-5,566,104
B07YNTJ8ZM,3.9,3-4,4075,718
B07KR5P3YD,3.9,3-4,603,111
B08FB2LNSZ,3.7,3-4,2059,385
B01IBRHE3E,4.2,4-5,637,113
B01N6LU1VF,4.3,4-5,13239,2425
B07XLML2YS,4.2,4-5,1913,353
B086WMSCN3,3.9,3-4,1096,216
B003B00484,4.3,4-5,1060,189
B003L62T7W,4.3,4-5,635,109
B09P18XVW6,3.9,3-4,823,162
B00LZLPYHW,4.4,4-5,694,123
B00NNQMYNE,4.5,4-5,722,133
B0B217Z5VK,3.9,3-4,734,127
B07B88KQZ8,4.3,4-5,1501,273
B07Z3K96FR,4.1,4-5,667,112
B0756CLQWL,4.2,4-5,1601,298
B004IO5BMQ,4.5,4-5,1730,321
B01HGCLUH6,4.2,4-5,555,104
B01N4EV2TL,4.3,4-5,991,174
B08MZQBFLN,4.0,3-4,455,81
B0752LL57V,4.5,4-5,342,66
B09Z28BQZT,3.9,3-4,1032,199
B094DQWV9B,4.0,3-4,875,178
B0BBMPH39N,4.1,4-5,900,153
B097JQ1J5G,3.4,3-4,1009,199
B07YY1BY5B,4.0,3-4,190,36
B08VRMK55F,3.4,3-4,2196,391
B08CHZ3ZQ7,4.3,4-5,2341,451
B08SCCG9D4,3.9,3-4,610,107
B0972BQ2RS,4.1,4-5,1385,240
B00ZRBWPA0,4.3,4-5,167,26
B0B2DD66GS,4.5,4-5,1749,303
B09M869Z5V,4.2,4-5,1636,320
B07W6VWZ8C,4.1,4-5,636,121
B07Z1X6VFC,4.4,4-5,635,118
B07YL54NVJ,4.3,4-5,697,140
B0759QMF85,4.3,4-5,4404,795
B00LM4X0KU,4.3,4-5,451,86
B08PFSZ7FH,4.2,4-5,667,124
B012MQS060,4.1,4-5,2625,480
B01MF8MB65,4.1,4-5,8871,1493
B00LHZWD0C,4.5,4-5,1375,246
B08QDPB1SL,4.4,4-5,399,69
B07BRKK9JQ,4.3,4-5,1036,197
B01EZ0X3L8,4.3,4-5,765,142
B00LM4W1N2,4.3,4-5,532,103
B08YD264ZS,4.3,4-5,1605,307
B00GZLB57U,4.4,4-5,239,41
B07V82W5CN,4.0,3-4,834,152
B08HD7JQHX,3.3,3-4,798,162
B0B31FR4Y2,3.7,3-4,1546,262
B09Y14JLP3,4.1,4-5,285,45
B09ZHCJDP1,5.0,4-5,1399,252
B08C4Z69LN,4.5,4-5,2955,561
B016XVRKZM,3.9,3-4,10639,1912
B00LHZW3XY,4.4,4-5,544,99
B098JYT4SY,4.1,4-5,338,64
B08CFCK6CW,3.6,3-4,754,142
B09P564ZTJ,3.8,3-4,1357,243
B07MSLTW8Z,3.6,3-4,603,115
B09N6TTHT6,4.2,4-5,352,68
B098R25TGC,3.8,3-4,5575,1034
B0B2PQL5N3,4.2,4-5,1046,196
B07DKZCZ89,4.3,4-5,855,147
B08GYG6T12,4.4,4-5,616,105
B09BN2NPBD,4.1,4-5,1019,184
B00J4YG0PC,4.4,4-5,557,110
B073BRXPZX,4.4,4-5,1137,214
B08LHTJTBB,4.4,4-5,2124,408
B008QS9J6Y,4.3,4-5,2090,382
B09M8888DM,4.3,4-5,2848,496
B07Z1YVP72,4.3,4-5,449,83
B082FTPRSK,4.2,4-5,1660,303
B09RF2QXGX,4.3,4-5,826,145
B01KK0HU3Y,4.2,4-5,666,127
B07JF9B592,3.8,3-4,3588,674
B086394NY5,4.3,4-5,771,135
B017PDR9N0,4.1,4-5,282,54
B07NC12T2R,4.2,4-5,4949,897
B07WKBD37W,4.0,3-4,480,87
B08JMC1988,4.1,4-5,680,133
B09GFN8WZL,4.1,4-5,435,85
B095X38CJS,4.3,4-5,587,103
B07ZKD8T1Q,4.5,4-5,1505,270
B07G3YNLJB,4.5,4-5,2197,422
B00P93X2H6,4.1,4-5,314,65
B0798PJPCL,4.3,4-5,2060,415
B09GFWJDY1,3.6,3-4,910,160
B09MZ6WZ6V,4.4,4-5,860,157
B07L3NDN24,3.9,3-4,558,97
B08WD18LJZ,4.0,3-4,839,149
B06XDKWLJH,4.4,4-5,970,186
B01J1CFO5I,4.6,4-5,721,131
B07J2NGB69,4.4,4-5,578,109
B00MUTWLW4,4.4,4-5,3006,544
B017NC2IPM,4.3,4-5,1479,270
B00N1U7JXM,4.4,4-5,306,54
B08HQL67D6,4.0,3-4,409,73
B09RKFBCV7,4.2,4-5,1186,227
B08KHM9VBJ,3.8,3-4,915,167
B01IOZUHRS,4.1,4-5,393,75
B00CEQEGPI,4.2,4-5,5580,1021
B08B6XWQ1C,4.2,4-5,694,128
B01DGVKBC6,4.4,4-5,344,63
B08JD36C6H,4.1,4-5,822,160
B00E3DVQFS,4.4,4-5,985,174
B00BN5SNF0,3.9,3-4,559,114
B09SGGRKV8,3.6,3-4,1253,227
B084BR3QX8,3.5,3-4,467,83
B09VC2D2WG,4.1,4-5,1161,212
B09163Q5CD,4.1,4-5,2475,469
B08K9PX15C,4.0,3-4,775,138
B083RD1J99,4.1,4-5,1109,210
B09Z7YGV3R,4.0,3-4,1033,186
B00N3XLDW0,3.8,3-4,1055,195
B07Z53L5QL,4.3,4-5,1238,222
B00P93X0VO,4.2,4-5,965,173
B07SBGFDX9,4.1,4-5,351,63
B07X2L5Z8C,4.6,4-5,1130,218
B00VA7YYUO,4.3,4-5,261,49
B07L9FW9GF,4.0,3-4,668,123
B08D64C9FN,4.2,4-5,1841,367
B00LOD70SC,4.3,4-5,497,89
B09X76VL5L,3.7,3-4,1033,193
B091JF2TFD,3.9,3-4,1201,218
B07S7DCJKS,4.3,4-5,211,43
B09NC2TY11,4.1,4-5,362,67
B0BDS8MY8J,4.2,4-5,1124,219
B09X7DY7Q4,4.5,4-5,913,171
B09YV575RK,4.0,3-4,574,107
B08LW31NQ6,4.5,4-5,517,92
B09ND94ZRG,3.5,3-4,2725,536
B00P93X6EK,4.5,4-5,806,145
B0994GP1CX,3.3,3-4,440,80
B07H8W9PB6,4.1,4-5,543,101
B09NNHFSSF,3.8,3-4,317,57
B08D9NDZ1Y,3.5,3-4,3248,576
B0085IATT6,4.1,4-5,889,167
B08WJ86PV2,4.5,4-5,830,165
B078HRR1XV,4.4,4-5,962,176
B09P22HXH6,4.1,4-5,1305,247
B00LM4X3XE,4.3,4-5,610,115
B09YLFHFDW,3.6,3-4,5792,1077
B07YWS9SP9,4.0,3-4,1830,334
B08WLY8V9S,4.5,4-5,1171,206
B0873L7J6X,4.2,4-5,3496,665
B07YNHCW6N,4.3,4-5,445,85
B01MQ2A86A,4.6,4-5,1198,224
B00KIE28X0,4.5,4-5,249,43
B0BHYJ8CVF,4.1,4-5,1628,312
B0BCVJ3PVP,4.5,4-5,737,143
B0B2931FCV,3.5,3-4,1060,211
B09TMZ1MF8,4.4,4-5,908,164
B07VV37FT4,4.2,4-5,612,112
B07JB2Y4SR,4.4,4-5,408,74
B08KRMK9LZ,4.2,4-5,855,157
B08LT9BMPP,4.5,4-5,2139,400
B0814ZY6FP,3.8,3-4,1170,193
B09F3PDDRF,3.9,3-4,1682,322
B07X963JNS,4.0,3-4,420,76
B09LD3116F,4.1,4-5,1966,370
B08Y5QJTVK,4.4,4-5,539,104
B00LY1FN1K,4.4,4-5,335,60
B07DJ5KYDZ,4.4,4-5,1273,244
B009LJ2BXA,3.5,3-4,783,144
B09BVCVTBC,4.5,4-5,2528,469
B07SY4C3TD,4.4,4-5,997,188
B094JB13XL,4.1,4-5,1609,314
B08MTLLSL8,4.2,4-5,478,88
B08Y57TPDM,4.3,4-5,695,130
B09CYTJV3N,4.3,4-5,3628,647
B07GLNJC25,3.7,3-4,444,76
B08FY4FG5X,3.9,3-4,4004,753
B07TMCXRFV,4.5,4-5,1554,286
B00LZPQVMK,4.0,3-4,623,116
B08X77LM8C,3.8,3-4,855,163
B01EJ5MM5M,3.4,3-4,1191,218
B07Z1Z77ZZ,4.3,4-5,1092,204
B00DJ5N9VK,4.3,4-5,1001,195
B08FGNPQ9X,4.1,4-5,3508,634
B07NTKGW45,4.0,3-4,897,164
B08J4PL1Z3,4.0,3-4,1738,331
B07XJWTYM2,4.1,4-5,10766,1911
B09939XJX8,4.0,3-4,391,72
B09MDCZJXS,3.8,3-4,677,125
B08CTQP51L,4.2,4-5,944,166
B0BG62HMDJ,4.3,4-5,293,53
B08SBH499M,4.1,4-5,430,78
B08FYB5HHK,4.5,4-5,1995,376
B0B5GJRTHB,4.2,4-5,2833,528
B09GBBJV72,3.9,3-4,1175,213
B07P434WJY,4.3,4-5,789,141
B07T9FV9YP,4.0,3-4,2453,457
B08WKFSN84,4.3,4-5,699,125
B08TR61BVK,4.2,4-5,1593,293
B0B2CPVXHX,4.1,4-5,582,101
B08XNL93PL,4.3,4-5,1629,305
B088GXTJM3,4.3,4-5,687,115
B099S26HWG,4.2,4-5,177,31
B08461VC1Z,4.5,4-5,1398,268
B00K32PEW4,4.4,4-5,235,37
B07LFWP97N,4.1,4-5,789,152
B0746N6WML,4.3,4-5,219,46
B07W9KYT62,4.4,4-5,5780,1026
B09MKG4ZCM,4.0,3-4,688,126
B07RZZ1QSW,4.4,4-5,840,157
B07222HQKP,4.3,4-5,1214,236
B00NFD0ETQ,4.6,4-5,2093,387
B075DB1F13,4.4,4-5,824,140
B0148NPH9I,4.5,4-5,5945,1092
B079S811J3,4.3,4-5,3573,659
B0083T231O,4.5,4-5,715,125
B086PXQ2R4,4.5,4-5,751,129
B07L1N3TJX,3.6,3-4,1890,348
B07YFWVRCM,4.1,4-5,1743,306
B08TDJ5BVF,3.8,3-4,445,87
B083T5G5PM,4.1,4-5,9871,1671
B0BHVPTM2C,4.0,3-4,536,96
B01NBX5RSB,4.3,4-5,222,39
B08MWJTST6,4.0,3-4,977,182
B07R99NBVB,4.5,4-5,1617,301
B00LY12TH6,4.5,4-5,693,131
B08497Z1MQ,4.3,4-5,560,100
B07KNM95JK,4.1,4-5,184,32
B09Q3M3WLJ,4.0,3-4,754,132
B09B9SPC7F,4.1,4-5,428,72
B099SD8PRP,4.4,4-5,487,95
B00S2SEV7K,4.1,4-5,1761,337
B08WKCTFF3,4.4,4-5,1227,238
B08498D67S,4.3,4-5,1708,315
B00C3GBCIS,4.2,4-5,703,132
B00URH5E34,3.6,3-4,356,64
B00EYW1U68,4.2,4-5,2513,465
B08SMJT55F,4.2,4-5,1562,299
B08Y7MXFMK,4.2,4-5,2097,371
B086Q3QMFS,4.5,4-5,382,66
B08498H13H,4.3,4-5,1588,299
B07LFQLKFZ,4.2,4-5,508,106
B00LY17RHI,4.1,4-5,9745,1830
B07W14CHV8,4.1,4-5,843,142
B0B25LQQPC,4.3,4-5,2295,420
B01LYLJ99X,4.2,4-5,396,77
B014SZPBM4,4.4,4-5,742,138
B08CZHGHKH,3.9,3-4,843,161
B078W65FJ7,4.2,4-5,1651,308
B08S74GTBT,3.7,3-4,2375,434
B07QMRHWJD,4.3,4-5,1048,192
B07W7Z6DVL,4.1,4-5,462,86
B07WMS7TWB,3.9,3-4,3811,711
B00H47GVGY,3.6,3-4,342,66
B07VX71FZP,4.0,3-4,320,58
B07NCKMXVZ,4.1,4-5,921,171
B0B61DSF17,3.7,3-4,428,80
B07VQGVL68,3.9,3-4,432,81
B01LWYDEQ7,4.1,4-5,699,133
B07VNFP3C2,3.9,3-4,1129,195
B00LUGTJGO,3.9,3-4,247,48
B01MQZ7J8K,3.9,3-4,396,66
B01GFTEV5Y,3.8,3-4,1033,195
B00NW4UWN6,3.8,3-4,1053,199
B01NCVJMKX,4.1,4-5,3028,577
B00O24PUO6,4.1,4-5,783,151
B07GXPDLYQ,3.3,3-4,660,124
B01C8P29N0,4.2,4-5,767,127
B08KDBLMQP,4.0,3-4,676,151
B078JDNZJ8,4.3,4-5,1700,291
B083GKDRKR,4.5,4-5,925,165
B097R2V1W8,4.1,4-5,739,135
B07YR26BJ3,4.0,3-4,703,123
B09X5C9VLK,3.8,3-4,408,70
B01C8P29T4,4.2,4-5,519,96
B00HVXS7WC,4.2,4-5,326,58
B096YCN3SD,3.6,3-4,436,80
B09LQH3SD9,3.8,3-4,609,112
B09KNMLH4Y,4.1,4-5,1101,195
B00ABMASXG,4.1,4-5,891,176
B07QDSN9V6,4.1,4-5,589,114
B00YMJ0OI8,4.1,4-5,639,122
B0B8XNPQPN,4.2,4-5,1241,227
B0814P4L98,4.0,3-4,329,59
B008QTK47Q,4.3,4-5,18547,3081
B088ZTJT2R,4.2,4-5,5432,979
B0BK1K598K,4.2,4-5,514,89
B09Y5FZK9N,3.7,3-4,910,169
B09J2SCVQT,4.1,4-5,1115,201
B00TDD0YM4,4.4,4-5,598,104
B078KRFWQB,3.8,3-4,828,151
B07SRM58TP,4.0,3-4,3621,643
B00EDJJ7FS,4.2,4-5,5741,1055
B0832W3B7Q,3.8,3-4,527,89
B07WNK1FFN,4.2,4-5,4056,746
B009P2LK08,4.0,3-4,708,185
B07DGD4Z4C,3.9,3-4,685,123
B07GMFY9QM,4.3,4-5,522,99
B0BGPN4GGH,3.8,3-4,212,39
B0B2DZ5S6R,4.0,3-4,331,57
B07S851WX5,4.2,4-5,1160,223
B01MY839VW,4.2,4-5,392,70
B09LV1CMGH,3.6,3-4,636,128
B01EY310UM,4.3,4-5,314,59
B09NL7LBWT,4.0,3-4,1290,237
B008YW8M0G,4.2,4-5,590,105
B08TM71L54,4.0,3-4,1760,329
B0BPBXNQQT,4.3,4-5,486,95
B00W56GLOQ,4.0,3-4,2057,381
B0883KDSXC,3.9,3-4,218,40
B078V8R9BS,4.2,4-5,632,119
B01M5B0TPW,4.4,4-5,1512,273
B082KVTRW8,4.0,3-4,268,51
B08CFJBZRK,3.8,3-4,535,99
B07H3WDC4X,4.0,3-4,1580,307
B09ZTZ9N3Q,3.1,3-4,840,158
B083P71WKK,4.3,4-5,542,99
B0949FPSFY,4.1,4-5,1869,344
B08F47T4X5,4.2,4-5,641,114
B01M0505SJ,4.1,4-5,510,87
B08D6RCM3Q,4.1,4-5,508,95
B009P2LITG,4.1,4-5,571,101
B00V9NHDI4,3.9,3-4,893,160
B07WGPBXY9,3.9,3-4,634,117
B00KRCBA6E,3.8,3-4,1151,215
B0B3X2BY3M,4.0,3-4,779,141
B00F159RIK,4.2,4-5,272,49
B08MV82R99,4.1,4-5,473,116
B009P2LK80,3.7,3-4,1762,332
B00A7PLVU6,4.2,4-5,332,66
B0B25DJ352,4.3,4-5,765,143
B013B2WGT6,4.3,4-5,928,179
B091V8HK8Z,3.8,3-4,443,83
B071VNHMX2,4.5,4-5,771,132
B08MVSGXMY,3.8,3-4,745,140
B00H0B29DI,3.8,3-4,7563,1382
B01GZSQJPA,4.1,4-5,735,130
B08VGFX2B6,4.1,4-5,697,131
B09GYBZPHF,3.8,3-4,613,126
B0B4KPCBSH,3.3,3-4,999,179
B09CGLY5CX,4.0,3-4,437,80
B09JN37WBX,4.6,4-5,497,90
B01I1LDZGA,3.9,3-4,869,159
B0BN2576GQ,3.7,3-4,192,35
B06XPYRWV5,4.2,4-5,610,107
B00O2R38C4,4.1,4-5,891,161
B0B2CZTCL2,3.8,3-4,1555,288
B00PVT30YI,4.1,4-5,721,139
B00SH18114,4.6,4-5,746,140
B00E9G8KOY,4.1,4-5,384,69
B00H3H03Q4,4.2,4-5,149,26
B0756K5DYZ,3.9,3-4,451,81
B0188KPKB2,4.1,4-5,350,61
B091KNVNS9,4.1,4-5,360,73
B075JJ5NQC,4.0,3-4,115,21
B0B5KZ3C53,3.7,3-4,1158,227
B09NTHQRW3,4.1,4-5,1321,258
B008YW3CYM,4.1,4-5,908,163
B07QHHCB27,4.1,4-5,834,157
B0BMFD94VD,3.3,3-4,264,43
B00HZIOGXW,4.1,4-5,714,136
B09CKSYBLR,4.1,4-5,500,95
B09MTLG4TP,4.3,4-5,767,149
B097XJQZ8H,4.1,4-5,1750,297
B00935MD1C,3.7,3-4,220,39
B0BR4F878Q,4.8,4-5,134,24
B0B3G5XZN5,4.5,4-5,1217,222
B07WKB69RS,4.0,3-4,1340,233
B09DL9978Y,4.1,4-5,392,68
B06XMZV7RH,3.9,3-4,395,75
B09WMTJPG7,4.1,4-5,1867,336
B09ZK6THRR,4.2,4-5,302,53
B07MP21WJD,4.1,4-5,335,60
B09XB1R2F3,3.5,3-4,745,140
B08Y5QJXSR,4.3,4-5,414,73
B07WJXCTG9,3.9,3-4,658,166
B09NBZ36F7,4.2,4-5,226,41
B0912WJ87V,3.8,3-4,1069,198
B0BMTZ4T1D,4.5,4-5,582,105
B0BDG6QDYD,4.1,4-5,549,96
B00YQLG7GK,4.2,4-5,455,84
B00SMJPA9C,4.1,4-5,362,70
B0B9RN5X8B,4.2,4-5,347,58
B08QW937WV,4.5,4-5,229,43
B0B4PPD89B,4.0,3-4,715,128
B00NM6MO26,4.0,3-4,747,141
B083M7WPZD,4.0,3-4,261,45
B07GLSKXS1,3.9,3-4,342,61
B09F6KL23R,4.0,3-4,637,109
B094G9L9LT,3.8,3-4,604,112
B07FXLC2G2,4.2,4-5,621,111
B01LYU3BZF,4.3,4-5,684,129
B083RC4WFJ,4.2,4-5,597,107
B09SFRNKSR,4.4,4-5,703,129
B07NRTCDS5,3.8,3-4,414,84
B07SPVMSC6,4.1,4-5,719,132
B09H3BXWTK,3.9,3-4,936,165
B0073QGKAS,4.3,4-5,556,100
B009DA69W6,3.6,3-4,469,96
B099PR2GQJ,3.8,3-4,1061,199
B08G8H8DPL,4.0,3-4,685,125
B08VGM3YMF,4.1,4-5,632,119
B08TTRVWKY,4.3,4-5,474,88
B07T4D9FNY,4.0,3-4,247,47
B07RX42D3D,3.9,3-4,387,71
B09R83SFYV,3.7,3-4,426,76
B07989VV5K,3.6,3-4,388,70
B07FL3WRX5,3.7,3-4,1710,318
B0BPCJM7TB,4.0,3-4,541,104
B08H673XKN,4.2,4-5,1262,222
B07DXRGWDJ,3.8,3-4,1544,287
B08243SKCK,4.2,4-5,522,85
B09SPTNG58,3.9,3-4,427,81
B083J64CBB,4.0,3-4,556,104
B08JV91JTK,4.1,4-5,848,166
B0BQ3K23Y1,4.8,4-5,2249,418
B09MT94QLL,4.2,4-5,315,52
B07NKNBTT3,4.1,4-5,1022,193
B09KPXTZXN,4.0,3-4,389,70
B078HG2ZPS,3.9,3-4,245,44
B07N2MGB3G,4.1,4-5,1224,224
B008LN8KDM,4.3,4-5,647,124
B009P2L7CO,4.2,4-5,184,35
B0BNQMF152,3.7,3-4,554,109
B0989W6J2F,4.0,3-4,672,120
B0B84KSH3X,3.8,3-4,334,61
B08HLC7Z3G,4.2,4-5,1385,250
B0BN6M3TCM,4.6,4-5,1248,244
B0B9F9PT8R,3.3,3-4,2692,492
B0883LQJ6B,4.2,4-5,731,143
B099Z83VRC,4.3,4-5,1314,260
B0B4SJKRDF,4.3,4-5,716,121
B0BM4KTNL1,4.7,4-5,570,107
B08S6RKT4L,4.4,4-5,1127,197
B09SZ5TWHW,3.9,3-4,1051,181
B0BLC2BYPX,4.7,4-5,1173,232
B00P0R95EA,4.1,4-5,191,33
B07W4HTS8Q,3.8,3-4,424,73
B078JBK4GX,4.4,4-5,899,159
B08S7V8YTN,4.3,4-5,663,118
B07H5PBN54,3.4,3-4,980,186
B07YCBSCYB,4.2,4-5,510,85
B098T9CJVQ,3.7,3-4,559,101
B095XCRDQW,4.3,4-5,1381,249
B0B7NWGXS6,4.1,4-5,141,26
B07KKJPTWB,4.4,4-5,878,160
B071R3LHFM,3.8,3-4,1089,199
B07WVQG8WZ,3.8,3-4,2722,527
B0BFBNXS94,2.3,2-3,268,46
B0814LP6S9,3.7,3-4,470,91
B07BKSSDR2,4.0,3-4,1843,327
B09VGS66FV,4.4,4-5,1083,189
B0747VDH9L,4.4,4-5,1455,263
B08XLR6DSB,3.1,3-4,725,132
B08H6CZSHT,4.3,4-5,429,76
B07CVR2L5K,4.4,4-5,992,174
B09J4YQYX3,4.4,4-5,1350,242
B0B2DD8BQ8,4.1,4-5,1225,228
B0123P3PWE,4.1,4-5,784,144
B08HDCWDXD,4.0,3-4,578,104
B0836JGZ74,3.6,3-4,455,98
B0BCKJJN8R,3.9,3-4,2128,386
B08CNLYKW5,3.8,3-4,355,67
B08C7TYHPB,4.1,4-5,407,83
B08VJFYH6N,4.1,4-5,1565,285
B08235JZFB,4.1,4-5,519,90
B078XFKBZL,3.8,3-4,1028,189
B01M265AAK,4.3,4-5,2154,413
B0B694PXQJ,4.5,4-5,620,107
B00B3VFJY2,4.2,4-5,151,29
B08W9BK4MD,3.9,3-4,711,130
B09X5HD5T1,3.5,3-4,1017,186
B08H6B3G96,4.3,4-5,1065,202
B09DSQXCM8,3.9,3-4,1087,207
B01M69WCZ6,4.0,3-4,1089,196
B0BM9H2NY9,4.7,4-5,291,57
B099FDW2ZF,4.1,4-5,1236,239
B0B935YNR7,3.8,3-4,314,54
B07GWTWFS2,4.1,4-5,1441,258
B09KRHXTLN,3.9,3-4,308,55
B09H34V36W,3.8,3-4,1034,189
B09J2QCKKM,4.1,4-5,1044,199
B09XRBJ94N,4.3,4-5,1681,299
B07SLNG3LW,3.9,3-4,590,107
B0BNDGL26T,2.8,2-3,1338,252
B095PWLLY6,4.0,3-4,404,72
B086GVRP63,4.1,4-5,2247,411
B08MVXPTDG,4.1,4-5,363,62
B0BMZ6SY89,3.4,3-4,676,114
B09P1MFKG1,4.6,4-5,330,54
B01LY9W8AF,4.2,4-5,543,100
B07ZJND9B9,3.9,3-4,441,87
B08SKZ2RMG,4.1,4-5,780,150
B009UORDX4,4.3,4-5,298,58
B08VGDBF3B,4.0,3-4,525,97
B012ELCYUG,4.3,4-5,282,58
B07S9M8YTY,4.0,3-4,334,57
B00SMFPJG0,4.1,4-5,385,71
B0BHYLCL19,3.6,3-4,829,150
B0BPJBTB3F,2.0,1-2,227,36
B08MXJYB2V,4.0,3-4,309,62
B081B1JL35,3.7,3-4,263,49
B09VL9KFDB,3.8,3-4,456,77
B0B1MDZV9C,3.9,3-4,3172,584
B08TT63N58,3.1,3-4,713,130
B08YK7BBD2,3.0,2-3,1266,240
B07YQ5SN4H,4.0,3-4,761,133
B01N6IJG0F,4.1,4-5,378,67
B0B84QN4CN,3.6,3-4,248,43
B0B8ZM9RVV,4.4,4-5,602,120
B08ZHYNTM1,4.3,4-5,544,99
B09SDDQQKP,3.8,3-4,1388,260
B0B5RP43VN,4.1,4-5,801,142
B078JF6X9B,4.2,4-5,6032,1118
B08CGW4GYR,3.6,3-4,1429,263
B00A328ENA,4.2,4-5,736,131
B0763K5HLQ,4.1,4-5,1847,347
B09PDZNSBG,4.2,4-5,1731,323
B085LPT5F4,3.9,3-4,398,103
B0B9RZ4G4W,4.0,3-4,571,109
B0085W2MUQ,4.2,4-5,1453,270
B09474JWN6,4.2,4-5,1163,218
B09G2VTHQM,4.1,4-5,1774,318
B00B7GKXMG,4.1,4-5,188,38
B07H3N8RJH,4.2,4-5,1653,294
B07K2HVKLL,4.1,4-5,597,122
B09MQ9PDHR,3.9,3-4,597,110
B07D2NMTTV,4.2,4-5,1165,211
B075K76YW1,4.2,4-5,427,78
B0BNLFQDG2,3.7,3-4,88,16
B082ZQ4479,3.7,3-4,202,42
B09Y358DZQ,3.4,3-4,860,157
B07F366Z51,4.1,4-5,751,142
B077BTLQ67,3.9,3-4,2563,473
B07YSJ7FF1,4.0,3-4,169,29
B07TXCY3YK,3.9,3-4,111,21
B00LP9RFSU,4.0,3-4,1987,357
B0B7L86YCB,2.6,2-3,602,113
B09VPH38JS,3.8,3-4,734,151
B01MUAUOCX,4.5,4-5,675,121
B09MB3DKG1,3.5,3-4,1432,272
B07G147SZD,4.0,3-4,1626,299
B09LH32678,4.0,3-4,1104,207
B09R1YFL6S,3.5,3-4,300,52
B07Q4NJQC5,4.0,3-4,376,66
B097RN7BBK,3.4,3-4,530,102
B097MKZHNV,4.2,4-5,992,178
B07LG96SDB,3.8,3-4,302,59
B08KS2KQTK,4.1,4-5,1402,262
B095K14P86,4.2,4-5,2203,382
B08K36NZSV,4.3,4-5,657,129
B07LDPLSZC,4.2,4-5,398,73
B07F1T31ZZ,4.1,4-5,1334,265
B0BNDRK886,3.9,3-4,1156,219
B09ZVJXN5L,3.3,3-4,281,49
B08JKPVDKL,4.3,4-5,521,98
B09JFR8H3Q,3.9,3-4,319,58
B07LDN9Q2P,4.3,4-5,125,23
B08T8KWNQ9,3.6,3-4,883,160
B07Y1RCCW5,3.8,3-4,803,150
B0762HXMTF,3.9,3-4,1343,234
B07TTSS5MP,3.8,3-4,734,127
B09ZDVL7L8,3.9,3-4,361,70
B09XHXXCFH,4.1,4-5,551,95
B0BL3R4RGS,3.6,3-4,226,39
B078WB1VWJ,4.3,4-5,693,131
B0BP89YBC1,4.7,4-5,579,97
B09W9V2PXG,4.3,4-5,1807,325
B09XTQFFCG,3.9,3-4,1402,250
B08LVVTGZK,3.9,3-4,1358,246
B07J2BQZD6,3.7,3-4,497,96
B07HK53XM4,3.5,3-4,1284,256
B08RDWBYCQ,4.0,3-4,257,62
B09FHHTL8L,4.1,4-5,494,92
B0BHNHMR3H,3.9,3-4,256,43
B0B3TBY2YX,4.3,4-5,2175,428
B088WCFPQF,4.5,4-5,2580,484
B07JZSG42Y,4.0,3-4,1471,288
B08YRMBK9R,3.9,3-4,315,58
B00935MGHS,4.2,4-5,842,156
B07B5XJ572,4.1,4-5,968,165
B086199CWG,3.7,3-4,521,106
B07GLS2563,4.2,4-5,715,142
B09P182Z2H,4.3,4-5,1182,210
B0B59K1C8F,3.6,3-4,604,112
B06Y36JKC3,4.1,4-5,793,133
B08SJVD8QD,4.2,4-5,595,104
B09MFR93KS,4.0,3-4,791,155
B07Y5FDPKV,4.2,4-5,887,157
B0756KCV5K,4.2,4-5,456,88
B09HS1NDRQ,3.8,3-4,788,148
B018SJJ0GE,4.4,4-5,1422,268
B09FPP3R1D,4.1,4-5,1282,228
B01F7B2JCI,4.2,4-5,591,105
B09NNZ1GF7,4.3,4-5,409,77
B01CS4A5V4,4.1,4-5,484,89
B0BL11S5QK,4.2,4-5,417,74
B09BL2KHQW,4.1,4-5,202,35
B081RLM75M,3.9,3-4,496,91
B07SYYVP69,3.9,3-4,426,78
B0BDZWMGZ1,3.8,3-4,346,62
B09WF4Q7B3,3.6,3-4,1227,222
B00KIDSU8S,4.2,4-5,319,63
B08WWKM5HQ,3.9,3-4,241,46
B015GX9Y0W,3.9,3-4,1321,250
B089BDBDGM,4.0,3-4,600,105
B0BPBG712X,4.4,4-5,545,98
B07NPBG1B4,4.1,4-5,545,95
B01MRARGBW,4.1,4-5,288,53
B07VZYMQNZ,4.2,4-5,2093,382
B01L7C4IU2,4.2,4-5,517,92
B09H7JDJCW,4.0,3-4,642,116
B07F6GXNPB,4.3,4-5,474,87
B0B97D658R,3.6,3-4,985,200
B09NFSHCWN,3.5,3-4,1001,197
B076VQS87V,4.3,4-5,212,38
B09LMMFW3S,3.6,3-4,1195,210
B0BBLHTRM9,2.9,2-3,903,156
B0BJYSCWFQ,4.2,4-5,964,182
B0187F2IOK,4.4,4-5,624,119
B0B8CB7MHW,4.1,4-5,965,181
B07K19NYZ8,3.8,3-4,171,29
B08ZXZ362Z,3.5,3-4,480,82
B00GHL8VP2,4.1,4-5,723,139
B0B9JZW1SQ,3.2,3-4,188,33
B00TI8E7BI,4.4,4-5,1551,295
B07J9KXQCC,3.6,3-4,961,172
B0B3JSWG81,3.1,3-4,144,26
B08L7J3T31,4.0,3-4,479,84
B01M6453MB,4.1,4-5,1036,186
B009P2LIL4,3.6,3-4,880,160
B00J5DYCCA,4.0,3-4,388,70
B01486F4G6,4.3,4-5,1457,344
