product_id,product_name,category,rating,review_content,sentiment_score,sentiment
B009P2LK80,"Bajaj Deluxe 2000 Watts Halogen Room Heater (Steel, ISI Approved), Multicolor","Home&Kitchen|Heating,Cooling&AirQuality|RoomHeaters|HalogenHeaters",3.7,"Product is very nice. But it has bigger socket plug which is not easly available in all the corners.It is not very suffocating.,https://m.media-amazon.com/images/W/WEBP_402378-T2/images/I/81HkPZp6oUL._SY88.jpg,You can go for it , however you should be knowing that it consumes a lot of electricity,  you can buy it of you live in Punjab as upto 300 units are free ..hehe,I had it earlier and bought it again. It helps to keep the place really warm,Very good product in winter for kids and much more,All ecectric devices are prone to damages and faults, but it should be possible to be repaired. Unfortunately this product doesn't have that option and my purchase went for a complete waste.,First things firstIt's not bad heater and it provides plenty of warmth.However, the unit I received had one major, or rather fatal, issue. Current was passing through its entire body, be it the front grill or the area near the handle in the back. You can't hold it without getting an electric shock when it's running. If you have to turn the knob or simply move it from one position to another, you would need to unplug it from the power source first. Otherwise it can be fatal. If you use it in the night, you have to keep it out of your reach otherwise if you wake up at night to drinking water or anything else, you might accidentally touch it and die. Homes with children needs to be extra protective.Now I am not sure whether this fault is only in my unit or a general problem with these type of heaters. I have requested a replacement, let's see how the replacement unit works. I'll update the review accordingly.,in my heater one rod is not working then i call the bajaj customer care number it is given in pamphlet then a person came from bajaj and my issue solved",-0.9552,Negative
B095XCRDQW,"Esquire Laundry Basket Brown, 50 Ltr Capacity(Plastic)",Home&Kitchen|HomeStorage&Organization|LaundryOrganization|LaundryBaskets,4.3,"I was very impressed by the quality of this basket - I found it sturdier than Cello brand's laundry basket. I ordered one more basket in black but unfortunately the finish of the product on the inside wasn't smooth. I wanted to store washed laundry in the second one but the basket's interior didn't have a smooth finish - had scratches and plastic sticking out that could damage delicate clothes. I returned the second one. I am deducting a star because my second purchase experience wasn't good. I might buy the same product again in the hope that I get a product of the same quality as my first purchase.Update after ordering the basket for the third time - The third basket's rim was bent so I couldn't fit the lid but the baskets finish was perfect. I persevered and requested and exchange and on the fourth attempt, I finally got a good quality basket for storing washed laundry.,Plastic quality is good sturdy build overall good purchase reasonable pricing,Cover could be fit better,https://m.media-amazon.com/images/W/WEBP_402378-T2/images/I/613anWf4JBL._SY88.jpg,Good capacity but bad finishing and bit pricey. Cheap quality too.,Good but not any packing,It does the job. The capacity is huge and you can easily store 1 week's laundry. The top is detachable,The lid of the basket is not that strong and ite just comes out all the time and I have to fix it again and again.",-0.9399,Negative
B0B4KPCBSH,IKEA Frother for Milk,"Home&Kitchen|Kitchen&HomeAppliances|Coffee,Tea&Espresso|CoffeeGrinders|ElectricGrinders",3.3,"Ikea sales this product for 99/- only. It's not worth more than that. Quality is not top notch. At first I thought orginal product was replaced with first copy. But after doing some research got to know, it was orginal product costing 99/- only directly from ikea. Seller I guess buys from ikea and sale here. Coz the MRP tag was removed.,I have tried many frothers, but this is the best one so far since I finally found one where the steel rod does not fall off.,They should have given one set of battery with the item. These batteries are not easily available and my frother is lying useless in my kitchen.,bad product broken,The product suddenly stopped working completely today after about 4 months. The speed had deteriorated after one month of use.I use this product sparingly - about once every few days for frothing three / four cups of coffee. Hence, there is no reason for this to malfunction. There is also no recourse available to me,Average quality,,This product is not powerful enough.",-0.9396,Negative
B09RKFBCV7,"Fire-Boltt Ninja Calling 1.69"" Bluetooth Calling Smart Watch, Dial Pad, Speaker, AI Voice Assistant with 450 NITS Peak Brightness, Wrist Gaming & 100+ Watch Faces with SpO2, HR, Multiple Sports Mode",Electronics|WearableTechnology|SmartWatches,4.2,"I've been using the watch for a while now and I got to say I love it. The battery lasts around 4-5 days not 10 days, you do get around 10 day battery life if you disable all features of the Watch. Overall I like the call quality and display touch.,I got this product today and watch is great in budget and performance there's only one major problem that the button is not good but the other things are like speaker mic display etc. Are good.,The watch is good but the product that I got was defective after talking to the fire bolt company they give me new watch watch is value for money go for it.,The watch is stylish sleek and built quality is good.in this price range it's a catch,All over good but volume increase and decrease not working while play the music.,I gv this feedback after using 3 months.. good watch. Lekin jab recive kia, watch on tha☹️ pm me Alarm lagana bohut zaroori hota he. But nhi lagte he. Sirf am me lga skte hai. very disappointed😖 baki battery backup is good 👍 looks achcha hai👌comfortable hai,It’s a good watch but not switching on right now due to some issue,Amazing watch amazing colour! Just bought yesterday, will share feedback again after the usage.",-0.9273,Negative
B094G9L9LT,KENT 16088 Vogue Electric Kettle 1.8 Litre 1500 W | Stainless Steel body | Auto shut off over heating protection | 1 Year Warranty,Home&Kitchen|Kitchen&HomeAppliances|SmallKitchenAppliances|Kettles&HotWaterDispensers|ElectricKettles,3.8,"Look of the item is not impressive. Need to improve. Cord length is not sufficient. It should be bouble of the existing length.,Got this kettle yesterday but it got scratches on it and this kettle is bit noisy and automatic switch off is not working,Nice,Good work,Maza agya.,Liked most.easy to use.,I had gifted the item but now think i shouldn't have. The item came with loose handle. When kept water for boiling the whole unit was hot including the handle and lid. It is not stopping automatically when water is boiled. Over all total waste of money. Didn't expect from such a poor company.,Best price",-0.9019,Negative
B097JQ1J5G,"Zebronics ZEB-90HB USB Hub, 4 Ports, Pocket Sized, Plug & Play, for Laptop & Computers",Computers&Accessories|Accessories&Peripherals|USBHubs,3.4,"Quality of the material is not that good. If it falls then it will break in parts easily but overall it is easy to use and speed of the ports is fast.,Manufacturing quality is quite poor. Even a small movement can cause the second device to get unplugged from the USB port, which is not at all strong.,Its  cheap on multiple levels, first ad foremost money wise and then most importantly quality wise. Used it for 2 weeks and the casing came off and i cant seem to click it back into place, it works(for the time being) so im just waiting for it to die now. but for 180 rupees what else can we expect.,Built in quality is not so good, it's very sensitive,,It is not tiny, but small enough not to clutter my desk. Cord length of about 1.25 to1.5 ft is nice. USB ports work well. The only negative point that is glaring is the poor finish. However, for the price, a good buy,https://m.media-amazon.com/images/I/719wdleO76L._SY88.jpg,Packaging was damaged, seems to be a some one has used and returned this item.",-0.8677,Negative
B0BMVWKZ8G,"Newly Launched Boult Dive+ with 1.85"" HD Display, Bluetooth Calling Smartwatch, 500 Nits Brightness, 7 Days Battery Life, 150+ Watch Faces, 100+ Sport Modes, IP68 Waterproof Smart Watch (Jet Black)",Electronics|WearableTechnology|SmartWatches,4.3,"The sensors has burnt at two point of more than 3mm dia on my wrist upon wearing overnight and I have abandoned using it out of fear.  Had enclosed photos herewith.,Worst to buy, it's belt quality is totally poor, performance is average, not proper tracing of activities and battery life is too average.,Value for money,It's  good,Low batter life,Nice Smartwatch, Big Display, Long Battery Life, Max Features,Good,Good product",-0.8622,Negative
B01HJI0FS2,"Dell MS116 1000Dpi USB Wired Optical Mouse, Led Tracking, Scrolling Wheel, Plug and Play.","Computers&Accessories|Accessories&Peripherals|Keyboards,Mice&InputDevices|Mice",4.5,"I'm using this mouse from more than 6 months now and It's working great.but the only problem I faced is the big size of it.It looks like the old ball mouse which is quite big in size.Good for gaming by the way.,Working good,by far the best mouse I've used (writing this after 3 days). suits well for daily use; could be a tad bit bigger ...,Been using this mouse for the last 4 years both in office and at home. Suits my hand the best, tried some gaming mouse at 500-800 range but the feel is not good and my wrist starts to hurt on those cheap mice. This one is the father of all mice in that sense as it ticks all the boxes for me. Obviously you cant expect some god like gaming performance but its decent and for everything else it's the best.,Item is good.  No issues,It's Really worthwhile,A bit short in height, clicks and scroll good for home and office use,Easy to use. Rough. Lasts for 4 years+. Affordable.",-0.838,Negative
B09KH58JZR,Portronics Konnect L POR-1403 Fast Charging 3A Type-C Cable 1.2 Meter with Charge & Sync Function for All Type-C Devices (White),Computers&Accessories|Accessories&Peripherals|Cables&Accessories|Cables|USBCables,4.1,"It's awesome product. Fast mobile charging cable. I like it.,Good product just wish it was available in black white gets dirty easily.,For a month I had no issues with this, then it started becoming more and more useless. Don't buy it. It looks alright but it is as bad as a local cable. My phone charges slowly, have to disconnect and connect the cables from the ports and reassemble them and still it would reduce the battery. I haven't used a worse cable. Very disappointing and money waste. Also, the packaging was open and not sealed when I recieved it. The seller is a fraud.,Little more grip should be given while plugin out on type-C pin side.so, it can smoothly remove instead of sudden out with little jerk.,first of all it has 'L' shaped port for easy to use while on charge as i'am using it for my car for android auto.over-all its excellent.,https://m.media-amazon.com/images/I/81UCbJvmdmL._SY88.jpg,Realme 6 30W fast charging adapter. Its a slow charging cable vooc not support,Though they call it as fast charging cable, it actually is NOT a fast charging cable.I tried it with my samsung fast charging adapter. Its a slow charging cable, but the look, sturdiness etc are impressive.Planning to return the product.",-0.8288,Negative
B08KHM9VBJ,"Airtel AMF-311WW Data Card (Black), 4g Hotspot Support with 2300 Mah Battery",Computers&Accessories|NetworkingDevices|DataCards&Dongles,3.8,"I have received this product with a torn packet, missing cable and user manual. It seems incomplete product. And the same airtel sim gives me a strong network but here I foud it slower than my mobile network. It's fine, it might be the problem of network, but the cable shouldn't be missing. It seems someone taken while shipping because I got the packet broken. However, I received the WiFi with battery. And I use my own cable to charge it.,Overall satisfied,Nice working,I faced Much tower problem,It is better than mobile hotspot, but it's battery backup is not good.,Even with a 4G SIM the network speed is really low and connection is patchy. Its ok if you are using it for personal surfing but not a good fit for office work.,Satisfied with the product.,When i connect only 1 device then ok. But when multiple device connecting, it is hitting abnormally within 1 minute. Then backup reduce maximum 3-4 hours.",-0.8254,Negative
