user_id,rated_product_count,average_rating,positive_rate,negative_rate,active_days
A5JLAU2ARJ0BO,520,3.8615,0.6885,0.2269,5173
ADLVFFE4VBT8,501,4.2834,0.8263,0.0659,4353
A3OXHLG6DIBRW8,498,4.4518,0.9317,0.0181,4057
A6FIAB28IS79,431,4.1833,0.7889,0.0812,4855
A680RUE1FDO8B,406,4.4064,0.8177,0.0887,3401
A1ODOGXEYECQQ8,380,4.3053,0.9105,0.0263,3931
A36K2N527TXXJN,314,4.5255,0.9554,0.0096,2175
A2AY4YUOX2N1BQ,311,4.5595,0.9325,0.0096,1642
AWPODHOB4GFWL,308,4.3929,0.8604,0.0455,4596
ARBKYIVNYWK3C,296,4.4358,0.8851,0.0169,2975
A25C2M3QF9G7OQ,296,4.625,0.9291,0.0169,2640
A22CW0ZHY3NJH8,292,4.2603,0.8596,0.0308,2629
A38RMU1Y5TDP9,282,4.3262,0.8298,0.1028,2950
A3EXWV8FNSSFL6,282,4.5213,0.8723,0.0319,2589
A3LGT6UZL99IW1,279,4.1864,0.8172,0.1075,4540
A2NOW4U7W3F7RI,277,4.7978,0.9531,0.0289,3032
A23GFTVIETX7DS,270,4.3963,0.9074,0.0111,4592
A3PD8JD9L4WEII,266,4.3459,0.9098,0.0188,3468
A17BUUBOU0598B,261,3.4406,0.5594,0.1264,3396
A3AYSYSLHU26U9,257,4.3307,0.8716,0.0311,2246
